['Brian Ross', 'Merge pull request #1 from DS-17/master\n\nPulling upstream changes', 'Add-day-2-content']
['Thomas Schouten', "Merge branch 'master' into timeout", 'Formatting']
['Animashaun Taofiq T', "Merge branch 'master' into master", 'Update submission5.md', 'Update submission5.md', 'Add files via upload']
['testcafe-build-bot', 'Add info about draft PR', 'Add info about draft PR', 'Fix the title', 'Fix the title', 'Fix the title', 'Fix the title', '[docs] Fix broken links', '[docs] Fix broken links', '[docs] Fix broken links', '[docs] Fix broken links', '[docs] Fix broken links', '[docs] Fix broken links', 'small fixes', 'small fixes', 'small fixes', 'small fixes', 'small fixes', 'small fixes', 'small fixes', 'small fixes', 'Apply suggestions from code review\n\nCo-Authored-By: DirkPieterse <dirk.pieterse@devexpress.com>', 'Apply suggestions from code review\n\nCo-Authored-By: DirkPieterse <dirk.pieterse@devexpress.com>', 'Apply suggestions from code review\n\nCo-Authored-By: DirkPieterse <dirk.pieterse@devexpress.com>', 'Apply suggestions from code review\n\nCo-Authored-By: DirkPieterse <dirk.pieterse@devexpress.com>', 'Apply suggestions from code review\n\nCo-Authored-By: DirkPieterse <dirk.pieterse@devexpress.com>', 'Apply suggestions from code review\n\nCo-Authored-By: DirkPieterse <dirk.pieterse@devexpress.com>', 'Apply suggestions from code review\n\nCo-Authored-By: DirkPieterse <dirk.pieterse@devexpress.com>', 'Apply suggestions from code review\n\nCo-Authored-By: DirkPieterse <dirk.pieterse@devexpress.com>', 'Apply suggestions from code review\n\nCo-Authored-By: DirkPieterse <dirk.pieterse@devexpress.com>', 'Apply suggestions from code review\n\nCo-Authored-By: DirkPieterse <dirk.pieterse@devexpress.com>', 'Use the service only', 'Use the service only', 'Use the service only', 'Use the service only', 'Use the service only', 'Use the service only', 'Use the service only', 'Use the service only', 'Use the service only', 'Use the service only', 'Use the service only', 'Use the service only', 'Add a changelog for v1.9.0', 'Add a changelog for v1.9.0', 'Add a changelog for v1.9.0', 'Add a changelog for v1.9.0', 'Add a changelog for v1.9.0', 'Add a changelog for v1.9.0', 'Add a changelog for v1.9.0', 'Add a changelog for v1.9.0', 'Add a changelog for v1.9.0', 'Add a changelog for v1.9.0', 'Add a changelog for v1.9.0', 'Add a changelog for v1.9.0', 'Add a changelog for v1.9.0', 'Add a changelog for v1.9.0', 'Update docs/articles/documentation/reference/test-api/testcontroller/expect/README.md\n\nCo-Authored-By: DirkPieterse <dirk.pieterse@devexpress.com>', 'Update docs/articles/documentation/reference/test-api/testcontroller/expect/README.md\n\nCo-Authored-By: DirkPieterse <dirk.pieterse@devexpress.com>', 'Update docs/articles/documentation/reference/test-api/testcontroller/expect/README.md\n\nCo-Authored-By: DirkPieterse <dirk.pieterse@devexpress.com>', 'Update docs/articles/documentation/reference/test-api/testcontroller/expect/README.md\n\nCo-Authored-By: DirkPieterse <dirk.pieterse@devexpress.com>', 'Update docs/articles/documentation/reference/test-api/testcontroller/expect/README.md\n\nCo-Authored-By: DirkPieterse <dirk.pieterse@devexpress.com>', 'Update docs/articles/documentation/reference/test-api/testcontroller/expect/README.md\n\nCo-Authored-By: DirkPieterse <dirk.pieterse@devexpress.com>', 'Update docs/articles/documentation/reference/test-api/testcontroller/expect/README.md\n\nCo-Authored-By: DirkPieterse <dirk.pieterse@devexpress.com>', 'Update docs/articles/documentation/reference/test-api/testcontroller/expect/README.md\n\nCo-Authored-By: DirkPieterse <dirk.pieterse@devexpress.com>', 'Update docs/articles/documentation/reference/test-api/testcontroller/expect/README.md\n\nCo-Authored-By: DirkPieterse <dirk.pieterse@devexpress.com>', 'Update docs/articles/documentation/reference/test-api/testcontroller/expect/README.md\n\nCo-Authored-By: DirkPieterse <dirk.pieterse@devexpress.com>', 'Update docs/articles/documentation/reference/test-api/testcontroller/expect/README.md\n\nCo-Authored-By: DirkPieterse <dirk.pieterse@devexpress.com>', 'Update docs/articles/documentation/reference/test-api/testcontroller/expect/README.md\n\nCo-Authored-By: DirkPieterse <dirk.pieterse@devexpress.com>', 'Update docs/articles/documentation/reference/test-api/testcontroller/expect/README.md\n\nCo-Authored-By: DirkPieterse <dirk.pieterse@devexpress.com>', 'Update docs/articles/documentation/reference/test-api/testcontroller/expect/README.md\n\nCo-Authored-By: DirkPieterse <dirk.pieterse@devexpress.com>', 'Update docs/articles/documentation/reference/test-api/testcontroller/expect/README.md\n\nCo-Authored-By: DirkPieterse <dirk.pieterse@devexpress.com>', 'Update docs/articles/documentation/reference/test-api/testcontroller/expect/README.md\n\nCo-Authored-By: DirkPieterse <dirk.pieterse@devexpress.com>', 'applying remarks', 'applying remarks', 'applying remarks', 'applying remarks', 'applying remarks', 'applying remarks', 'applying remarks', 'applying remarks', 'applying remarks', 'applying remarks', 'applying remarks', 'applying remarks', 'applying remarks', 'applying remarks', 'applying remarks', 'applying remarks', 'applying remarks', 'applying remarks']
['Andrey', 'add product module', 'add product module', 'add product module', 'add product module', "Merge branch 'master' of https://github.com/js-tasks-ru/js-20200928_veegres-yerdna into master", "Merge branch 'master' of https://github.com/js-tasks-ru/js-20200928_veegres-yerdna into master", 'add find face', 'add find face', 'add find face', 'some updates', 'some updates', 'some updates', 'some updates', 'some updates', 'some updates', 'some updates', 'some updates', 'Фикс ошибок', 'Фикс ошибок', 'Фикс ошибок', 'Фикс ошибок', 'Фикс ошибок']
['amanda', 'Update .gitignore', '[amanda] Feature: added subtraction']
['urho3d-travis-ci', 'Fix GetXmlFiles() for linux', 'slikenet disabled for web', 'slikenet disabled for web', 'BindGen: fix debug output', 'BindGen: fix debug output', 'BindGen: fix debug output', 'http requests supported in emscripten, ws client implementation started for web', 'http requests supported in emscripten, ws client implementation started for web', 'http requests supported in emscripten, ws client implementation started for web', 'http requests supported in emscripten, ws client implementation started for web', 'AS Autobindings', 'AS Autobindings', 'AS Autobindings', 'AS Autobindings', 'AS Autobindings', 'even more tweaks', 'even more tweaks', 'even more tweaks', 'even more tweaks', 'even more tweaks', 'even more tweaks']
['Adam Smith', '更新用户数据', '新增毛小美2个账号']
['Admin', "Merge branch 'feature/refactor-features-file' of https://github.com/AT-11/trello-python-tests into feature/refactor-features-file", 'observations fixed', 'observations fixed', 'Security', 'Security', 'Security', 'Security', 'Security', 'Security', 'Security', 'Security', 'Security', 'Security', 'Security', 'Security', 'Security', 'Security', 'Security', 'Security', 'Security', 'Security', 'Security', 'Security', 'Security', 'Security', 'Security', 'Security', 'Security', 'Security', 'Security', 'Security', 'Security', 'Security', 'Security', 'Security', 'Security', 'Security', 'Security', 'Security', "Merge branch 'dev' into bot-user-entry-review-dev", "Merge branch 'dev' into bot-user-entry-review-dev", "Merge branch 'dev' into bot-user-entry-review-dev", "Merge branch 'dev' into bot-user-entry-review-dev", "Merge branch 'dev' into bot-user-entry-review-dev", "Merge branch 'dev' into bot-user-entry-review-dev", "Merge branch 'dev' into bot-user-entry-review-dev", "Merge branch 'dev' into bot-user-entry-review-dev", 'f', 'f', 'f', 'f', 'f', 'f', 'f', 'f', 'f', 'f', 'test', 'test', 'test', 'test', 'test', 'test', 'test', 'test', 'test', 'test', 'test', 'test', 'Initial Push', 'Initial Push', 'Initial Push', 'Initial Push', 'Initial Push', 'Initial Push', 'Initial Push', 'Initial Push', 'Initial Push', 'Initial Push', 'Initial Push', 'Initial Push', 'Initial Push', 'Initial Push', 'in progress', 'in progress', 'in progress', 'in progress', 'in progress', 'in progress', 'in progress', 'in progress', "Merge branch 'develop' of github.com:coolslow/Algorithm into develop", "Merge branch 'develop' of github.com:coolslow/Algorithm into develop", "Merge branch 'develop' of github.com:coolslow/Algorithm into develop", "Merge branch 'develop' of github.com:coolslow/Algorithm into develop", "Merge branch 'develop' of github.com:coolslow/Algorithm into develop", "Merge branch 'develop' of github.com:coolslow/Algorithm into develop", "Merge branch 'develop' of github.com:coolslow/Algorithm into develop", "Merge branch 'develop' of github.com:coolslow/Algorithm into develop", "Merge branch 'develop' of github.com:coolslow/Algorithm into develop", "Merge branch 'develop' of github.com:coolslow/Algorithm into develop", "Merge branch 'develop' of github.com:coolslow/Algorithm into develop", "Merge branch 'develop' of github.com:coolslow/Algorithm into develop", "Merge branch 'develop' of github.com:coolslow/Algorithm into develop", "Merge branch 'develop' of github.com:coolslow/Algorithm into develop", "Merge branch 'develop' of github.com:coolslow/Algorithm into develop", "Merge branch 'develop' of github.com:coolslow/Algorithm into develop", "Merge branch 'develop' of github.com:coolslow/Algorithm into develop", "Merge branch 'develop' of github.com:coolslow/Algorithm into develop", "Merge branch 'master' of https://github.com/groupgp1/group1", "Merge branch 'master' of https://github.com/groupgp1/group1", "Merge branch 'master' of https://github.com/groupgp1/group1", "Merge branch 'master' of https://github.com/groupgp1/group1", "Merge branch 'master' of https://github.com/groupgp1/group1", "Merge branch 'master' of https://github.com/groupgp1/group1", "Merge branch 'master' of https://github.com/groupgp1/group1", "Merge branch 'master' of https://github.com/groupgp1/group1", "Merge branch 'master' of https://github.com/groupgp1/group1", "Merge branch 'master' of https://github.com/groupgp1/group1", 'saving', 'saving', 'saving', 'saving', 'saving', 'saving', 'saving', 'saving', 'saving', 'saving', 'saving', 'saving', 'saving', 'saving', 'saving', 'saving', 'saving', 'saving', 'saving', 'saving', 'saving', 'saving', 'saving', 'saving', 'saving', 'saving', 'saving', 'saving', 'saving', 'saving', 'saving', 'saving', 'saving', 'saving', 'saving', 'saving', 'saving', 'saving', 'saving', 'saving', 'saving', 'saving', 'saving', 'saving', "Merge branch 'dev' of https://github.com/boyeuconnd/M4_Case_springboot into dev", "Merge branch 'dev' of https://github.com/boyeuconnd/M4_Case_springboot into dev", "Merge branch 'dev' of https://github.com/boyeuconnd/M4_Case_springboot into dev", "Merge branch 'dev' of https://github.com/boyeuconnd/M4_Case_springboot into dev", "Merge branch 'dev' of https://github.com/boyeuconnd/M4_Case_springboot into dev", "Merge branch 'dev' of https://github.com/boyeuconnd/M4_Case_springboot into dev", "Merge branch 'dev' of https://github.com/boyeuconnd/M4_Case_springboot into dev", "Merge branch 'dev' of https://github.com/boyeuconnd/M4_Case_springboot into dev", "Merge branch 'dev' of https://github.com/boyeuconnd/M4_Case_springboot into dev", "Merge branch 'dev' of https://github.com/boyeuconnd/M4_Case_springboot into dev", "Merge branch 'dev' of https://github.com/boyeuconnd/M4_Case_springboot into dev", "Merge branch 'dev' of https://github.com/boyeuconnd/M4_Case_springboot into dev", "Merge branch 'dev' of https://github.com/boyeuconnd/M4_Case_springboot into dev", "Merge branch 'dev' of https://github.com/boyeuconnd/M4_Case_springboot into dev", "Merge branch 'dev' of https://github.com/boyeuconnd/M4_Case_springboot into dev", "Merge branch 'dev' of https://github.com/boyeuconnd/M4_Case_springboot into dev", "Merge branch 'dev' of https://github.com/boyeuconnd/M4_Case_springboot into dev", "Merge branch 'dev' of https://github.com/boyeuconnd/M4_Case_springboot into dev", "Merge branch 'dev' of https://github.com/boyeuconnd/M4_Case_springboot into dev", "Merge branch 'dev' of https://github.com/boyeuconnd/M4_Case_springboot into dev", "Merge branch 'dev' of https://github.com/boyeuconnd/M4_Case_springboot into dev", "Merge branch 'dev' of https://github.com/boyeuconnd/M4_Case_springboot into dev", "Merge branch 'dev' of https://github.com/boyeuconnd/M4_Case_springboot into dev", "Merge branch 'dev' of https://github.com/boyeuconnd/M4_Case_springboot into dev", "Merge branch 'feature/refactor-features-file' of https://github.com/AT-11/trello-python-tests into feature/refactor-features-file", "Merge branch 'feature/refactor-features-file' of https://github.com/AT-11/trello-python-tests into feature/refactor-features-file", "Merge branch 'feature/refactor-features-file' of https://github.com/AT-11/trello-python-tests into feature/refactor-features-file", "Merge branch 'feature/refactor-features-file' of https://github.com/AT-11/trello-python-tests into feature/refactor-features-file", "Merge branch 'feature/refactor-features-file' of https://github.com/AT-11/trello-python-tests into feature/refactor-features-file", "Merge branch 'feature/refactor-features-file' of https://github.com/AT-11/trello-python-tests into feature/refactor-features-file", "Merge branch 'feature/refactor-features-file' of https://github.com/AT-11/trello-python-tests into feature/refactor-features-file", "Merge branch 'feature/refactor-features-file' of https://github.com/AT-11/trello-python-tests into feature/refactor-features-file", "Merge branch 'feature/refactor-features-file' of https://github.com/AT-11/trello-python-tests into feature/refactor-features-file", "Merge branch 'feature/refactor-features-file' of https://github.com/AT-11/trello-python-tests into feature/refactor-features-file", "Merge branch 'feature/refactor-features-file' of https://github.com/AT-11/trello-python-tests into feature/refactor-features-file", "Merge branch 'feature/refactor-features-file' of https://github.com/AT-11/trello-python-tests into feature/refactor-features-file", "Merge branch 'feature/refactor-features-file' of https://github.com/AT-11/trello-python-tests into feature/refactor-features-file"]
['Al Viro', 'Re: [PATCH 1/1] fsopen: fsconfig syscall restart fix', 'Re: [PATCH 5/9] fs: remove various compat readv/writev helpers', 'Re: Implement close-on-fork', 'Re: Implement close-on-fork', 'Re: [PATCH v2] Implement close-on-fork', 'Re: [PATCH v2] Implement close-on-fork', 'Re: [PATCH v2] Implement close-on-fork', 'Re: [PATCH v2] Implement close-on-fork', 'Re: [PATCH v2] Implement close-on-fork', 'Re: [PATCH v2] Implement close-on-fork', 'Re: [PATCH] netns: dangling pointer on netns bind mount point.', 'Re: [PATCH] netns: dangling pointer on netns bind mount point.', 'Re: [PATCH] netns: dangling pointer on netns bind mount point.', 'Re: [PATCH] netns: dangling pointer on netns bind mount point.', 'Re: [PATCH] netns: dangling pointer on netns bind mount point.', 'Re: [PATCH] netns: dangling pointer on netns bind mount point.', 'Re: [PATCH] netns: dangling pointer on netns bind mount point.', 'Re: [PATCH] netns: dangling pointer on netns bind mount point.', 'Re: [RFC PATCH v9 0/3] Add introspect_access(2) (was O_MAYEXEC)', 'Re: [RFC PATCH v9 0/3] Add introspect_access(2) (was O_MAYEXEC)', 'Re: [RFC PATCH v9 0/3] Add introspect_access(2) (was O_MAYEXEC)', 'Re: [RFC PATCH v9 0/3] Add introspect_access(2) (was O_MAYEXEC)', 'Re: [RFC PATCH v9 0/3] Add introspect_access(2) (was O_MAYEXEC)', 'Re: [LSF/MM/BPF TOPIC] Allowing linkat() to replace the destination', 'Re: [LSF/MM/BPF TOPIC] Allowing linkat() to replace the destination', 'Re: [LSF/MM/BPF TOPIC] Allowing linkat() to replace the destination', 'Re: [LSF/MM/BPF TOPIC] Allowing linkat() to replace the destination', 'Re: [LSF/MM/BPF TOPIC] Allowing linkat() to replace the destination', 'Re: [LSF/MM/BPF TOPIC] Allowing linkat() to replace the destination', 'Re: fcntl(F_DUPFD) causing apparent file descriptor table corruption', 'Re: fcntl(F_DUPFD) causing apparent file descriptor table corruption', 'Re: fcntl(F_DUPFD) causing apparent file descriptor table corruption', 'Re: fcntl(F_DUPFD) causing apparent file descriptor table corruption', 'Re: fcntl(F_DUPFD) causing apparent file descriptor table corruption', 'Re: fcntl(F_DUPFD) causing apparent file descriptor table corruption', 'Re: fcntl(F_DUPFD) causing apparent file descriptor table corruption', 'Re: fcntl(F_DUPFD) causing apparent file descriptor table corruption', 'Re: fcntl(F_DUPFD) causing apparent file descriptor table corruption', 'Re: fcntl(F_DUPFD) causing apparent file descriptor table corruption', 'Re: fcntl(F_DUPFD) causing apparent file descriptor table corruption', 'Re: fcntl(F_DUPFD) causing apparent file descriptor table corruption', 'Re: fcntl(F_DUPFD) causing apparent file descriptor table corruption', 'Re: fcntl(F_DUPFD) causing apparent file descriptor table corruption', 'Re: clean up kernel_{read,write} & friends v2', 'Re: clean up kernel_{read,write} & friends v2', 'Re: clean up kernel_{read,write} & friends v2', 'Re: clean up kernel_{read,write} & friends v2', 'Re: clean up kernel_{read,write} & friends v2', 'Re: clean up kernel_{read,write} & friends v2', 'Re: clean up kernel_{read,write} & friends v2', 'Re: clean up kernel_{read,write} & friends v2', 'Re: clean up kernel_{read,write} & friends v2', 'Re: clean up kernel_{read,write} & friends v2', 'Re: clean up kernel_{read,write} & friends v2', 'Re: clean up kernel_{read,write} & friends v2', 'Re: clean up kernel_{read,write} & friends v2', 'Re: clean up kernel_{read,write} & friends v2', 'Re: clean up kernel_{read,write} & friends v2', 'Re: clean up kernel_{read,write} & friends v2', 'Re: clean up kernel_{read,write} & friends v2', 'Re: clean up kernel_{read,write} & friends v2', 'Re: clean up kernel_{read,write} & friends v2', 'Re: clean up kernel_{read,write} & friends v2', 'Re: clean up kernel_{read,write} & friends v2', 'Re: clean up kernel_{read,write} & friends v2', 'Re: clean up kernel_{read,write} & friends v2', 'Re: clean up kernel_{read,write} & friends v2', 'Re: [PATCH 1/2] fs: add support for LOOKUP_NONBLOCK', 'Re: [PATCH 1/2] fs: add support for LOOKUP_NONBLOCK', 'Re: [PATCH 1/2] fs: add support for LOOKUP_NONBLOCK', 'Re: [PATCH 1/2] fs: add support for LOOKUP_NONBLOCK', 'Re: [PATCH 1/2] fs: add support for LOOKUP_NONBLOCK', 'Re: [PATCH 1/2] fs: add support for LOOKUP_NONBLOCK', 'Re: [PATCH 1/2] fs: add support for LOOKUP_NONBLOCK', 'Re: [PATCH 1/2] fs: add support for LOOKUP_NONBLOCK', 'Re: [PATCH 1/2] fs: add support for LOOKUP_NONBLOCK', 'Re: [RESEND][PATCH] ima: Set and clear FMODE_CAN_READ in\n ima_calc_file_hash()', 'Re: [RESEND][PATCH] ima: Set and clear FMODE_CAN_READ in\n ima_calc_file_hash()', 'Re: [RESEND][PATCH] ima: Set and clear FMODE_CAN_READ in\n ima_calc_file_hash()', 'Re: [RESEND][PATCH] ima: Set and clear FMODE_CAN_READ in\n ima_calc_file_hash()', 'Re: [RESEND][PATCH] ima: Set and clear FMODE_CAN_READ in\n ima_calc_file_hash()', 'Re: [RESEND][PATCH] ima: Set and clear FMODE_CAN_READ in\n ima_calc_file_hash()', 'Re: [RESEND][PATCH] ima: Set and clear FMODE_CAN_READ in\n ima_calc_file_hash()', 'Re: [RESEND][PATCH] ima: Set and clear FMODE_CAN_READ in\n ima_calc_file_hash()', 'Re: [RESEND][PATCH] ima: Set and clear FMODE_CAN_READ in\n ima_calc_file_hash()', 'Re: [RESEND][PATCH] ima: Set and clear FMODE_CAN_READ in\n ima_calc_file_hash()', 'Re: [PATCH RFC 0/1] mount: universally disallow mounting over\n symlinks', 'Re: [PATCH RFC 0/1] mount: universally disallow mounting over\n symlinks', 'Re: [PATCH RFC 0/1] mount: universally disallow mounting over\n symlinks', 'Re: [PATCH RFC 0/1] mount: universally disallow mounting over\n symlinks', 'Re: [PATCH RFC 0/1] mount: universally disallow mounting over\n symlinks', 'Re: [PATCH RFC 0/1] mount: universally disallow mounting over\n symlinks', 'Re: [PATCH RFC 0/1] mount: universally disallow mounting over\n symlinks', 'Re: [PATCH RFC 0/1] mount: universally disallow mounting over\n symlinks', 'Re: [PATCH RFC 0/1] mount: universally disallow mounting over\n symlinks', 'Re: [PATCH RFC 0/1] mount: universally disallow mounting over\n symlinks', 'Re: [PATCH RFC 0/1] mount: universally disallow mounting over\n symlinks', 'Re: file metadata via fs API (was: [GIT PULL] Filesystem Information)', 'Re: file metadata via fs API (was: [GIT PULL] Filesystem Information)', 'Re: file metadata via fs API (was: [GIT PULL] Filesystem Information)', 'Re: file metadata via fs API (was: [GIT PULL] Filesystem Information)', 'Re: file metadata via fs API (was: [GIT PULL] Filesystem Information)', 'Re: file metadata via fs API (was: [GIT PULL] Filesystem Information)', 'Re: file metadata via fs API (was: [GIT PULL] Filesystem Information)', 'Re: file metadata via fs API (was: [GIT PULL] Filesystem Information)', 'Re: file metadata via fs API (was: [GIT PULL] Filesystem Information)', 'Re: file metadata via fs API (was: [GIT PULL] Filesystem Information)', 'Re: file metadata via fs API (was: [GIT PULL] Filesystem Information)', 'Re: file metadata via fs API (was: [GIT PULL] Filesystem Information)', 'Re: file metadata via fs API (was: [GIT PULL] Filesystem Information)', 'Re: file metadata via fs API (was: [GIT PULL] Filesystem Information)', 'Re: file metadata via fs API (was: [GIT PULL] Filesystem Information)', 'Re: file metadata via fs API (was: [GIT PULL] Filesystem Information)', 'Re: file metadata via fs API (was: [GIT PULL] Filesystem Information)', 'Re: file metadata via fs API (was: [GIT PULL] Filesystem Information)', 'Re: file metadata via fs API (was: [GIT PULL] Filesystem Information)', 'Re: file metadata via fs API (was: [GIT PULL] Filesystem Information)', 'Re: file metadata via fs API (was: [GIT PULL] Filesystem Information)', 'Re: file metadata via fs API (was: [GIT PULL] Filesystem Information)', 'Re: file metadata via fs API (was: [GIT PULL] Filesystem Information)', 'Re: file metadata via fs API (was: [GIT PULL] Filesystem Information)', 'Re: add file system helpers that take kernel pointers for the init\n code v3', 'Re: add file system helpers that take kernel pointers for the init\n code v3', 'Re: add file system helpers that take kernel pointers for the init\n code v3', 'Re: add file system helpers that take kernel pointers for the init\n code v3', 'Re: add file system helpers that take kernel pointers for the init\n code v3', 'Re: add file system helpers that take kernel pointers for the init\n code v3', 'Re: add file system helpers that take kernel pointers for the init\n code v3', 'Re: add file system helpers that take kernel pointers for the init\n code v3', 'Re: add file system helpers that take kernel pointers for the init\n code v3', 'Re: add file system helpers that take kernel pointers for the init\n code v3', 'Re: add file system helpers that take kernel pointers for the init\n code v3', 'Re: add file system helpers that take kernel pointers for the init\n code v3', 'Re: add file system helpers that take kernel pointers for the init\n code v3', 'Re: add file system helpers that take kernel pointers for the init\n code v3', 'Re: add file system helpers that take kernel pointers for the init\n code v3', 'Re: add file system helpers that take kernel pointers for the init\n code v3', 'Re: add file system helpers that take kernel pointers for the init\n code v3', 'Re: add file system helpers that take kernel pointers for the init\n code v3', 'Re: add file system helpers that take kernel pointers for the init\n code v3', 'Re: add file system helpers that take kernel pointers for the init\n code v3', 'Re: add file system helpers that take kernel pointers for the init\n code v3', 'Re: add file system helpers that take kernel pointers for the init\n code v3', 'Re: add file system helpers that take kernel pointers for the init\n code v3', 'Re: add file system helpers that take kernel pointers for the init\n code v3', 'Re: add file system helpers that take kernel pointers for the init\n code v3', 'Re: add file system helpers that take kernel pointers for the init\n code v3', 'Re: [PATCH 8/9] x86: kvm_hv_set_msr(): use __put_user() instead of\n 32bit __clear_user()', 'Re: [PATCH 8/9] x86: kvm_hv_set_msr(): use __put_user() instead of\n 32bit __clear_user()', 'Re: [PATCH 8/9] x86: kvm_hv_set_msr(): use __put_user() instead of\n 32bit __clear_user()', 'Re: [PATCH 8/9] x86: kvm_hv_set_msr(): use __put_user() instead of\n 32bit __clear_user()', 'Re: [PATCH 8/9] x86: kvm_hv_set_msr(): use __put_user() instead of\n 32bit __clear_user()', 'Re: [PATCH 8/9] x86: kvm_hv_set_msr(): use __put_user() instead of\n 32bit __clear_user()', 'Re: [PATCH 8/9] x86: kvm_hv_set_msr(): use __put_user() instead of\n 32bit __clear_user()', 'Re: [PATCH 8/9] x86: kvm_hv_set_msr(): use __put_user() instead of\n 32bit __clear_user()', 'Re: [PATCH 8/9] x86: kvm_hv_set_msr(): use __put_user() instead of\n 32bit __clear_user()', 'Re: [PATCH 8/9] x86: kvm_hv_set_msr(): use __put_user() instead of\n 32bit __clear_user()', 'Re: [PATCH 8/9] x86: kvm_hv_set_msr(): use __put_user() instead of\n 32bit __clear_user()', 'Re: [PATCH 8/9] x86: kvm_hv_set_msr(): use __put_user() instead of\n 32bit __clear_user()', 'Re: [PATCH 8/9] x86: kvm_hv_set_msr(): use __put_user() instead of\n 32bit __clear_user()', 'Re: [PATCH 8/9] x86: kvm_hv_set_msr(): use __put_user() instead of\n 32bit __clear_user()', 'Re: fs/namei.c: Make status likely to be ECHILD in lookup_fast()', 'Re: fs/namei.c: Make status likely to be ECHILD in lookup_fast()', 'Re: fs/namei.c: Make status likely to be ECHILD in lookup_fast()', 'Re: fs/namei.c: Make status likely to be ECHILD in lookup_fast()', 'Re: fs/namei.c: Make status likely to be ECHILD in lookup_fast()', 'Re: fs/namei.c: Make status likely to be ECHILD in lookup_fast()', 'Re: fs/namei.c: Make status likely to be ECHILD in lookup_fast()', 'Re: fs/namei.c: Make status likely to be ECHILD in lookup_fast()', 'Re: fs/namei.c: Make status likely to be ECHILD in lookup_fast()', 'Re: fs/namei.c: Make status likely to be ECHILD in lookup_fast()', 'Re: fs/namei.c: Make status likely to be ECHILD in lookup_fast()', 'Re: fs/namei.c: Make status likely to be ECHILD in lookup_fast()', 'Re: fs/namei.c: Make status likely to be ECHILD in lookup_fast()', 'Re: fs/namei.c: Make status likely to be ECHILD in lookup_fast()', 'Re: fs/namei.c: Make status likely to be ECHILD in lookup_fast()', 'Re: [PATCH 18/23] init: open code setting up stdin/stdout/stderr', 'Re: [PATCH 18/23] init: open code setting up stdin/stdout/stderr', 'Re: [PATCH 18/23] init: open code setting up stdin/stdout/stderr', 'Re: [PATCH 18/23] init: open code setting up stdin/stdout/stderr', 'Re: [PATCH 18/23] init: open code setting up stdin/stdout/stderr', 'Re: [PATCH 18/23] init: open code setting up stdin/stdout/stderr', 'Re: [PATCH 18/23] init: open code setting up stdin/stdout/stderr', 'Re: [PATCH 18/23] init: open code setting up stdin/stdout/stderr', 'Re: [PATCH 18/23] init: open code setting up stdin/stdout/stderr', 'Re: [PATCH 18/23] init: open code setting up stdin/stdout/stderr', 'Re: [PATCH 18/23] init: open code setting up stdin/stdout/stderr', 'Re: [PATCH 18/23] init: open code setting up stdin/stdout/stderr', 'Re: [PATCH 18/23] init: open code setting up stdin/stdout/stderr', 'Re: [PATCH 18/23] init: open code setting up stdin/stdout/stderr', 'Re: [PATCH 18/23] init: open code setting up stdin/stdout/stderr', 'Re: [PATCH 18/23] init: open code setting up stdin/stdout/stderr', 'Re: [PATCH 18/23] init: open code setting up stdin/stdout/stderr', 'Re: [PATCH 18/23] init: open code setting up stdin/stdout/stderr', 'Re: [PATCH 18/23] init: open code setting up stdin/stdout/stderr', 'Re: [PATCH 18/23] init: open code setting up stdin/stdout/stderr', 'Re: [PATCH 18/23] init: open code setting up stdin/stdout/stderr', 'Re: [PATCH 18/23] init: open code setting up stdin/stdout/stderr', 'Re: [PATCH 18/23] init: open code setting up stdin/stdout/stderr', 'Re: [PATCH 18/23] init: open code setting up stdin/stdout/stderr', 'Re: [PATCH 18/23] init: open code setting up stdin/stdout/stderr', 'Re: [PATCH 18/23] init: open code setting up stdin/stdout/stderr', 'Re: [PATCH 18/23] init: open code setting up stdin/stdout/stderr', 'Re: [PATCH 18/23] init: open code setting up stdin/stdout/stderr', 'Re: [PATCH 18/23] init: open code setting up stdin/stdout/stderr', 'Re: [PATCH 18/23] init: open code setting up stdin/stdout/stderr', 'Re: [PATCH 18/23] init: open code setting up stdin/stdout/stderr', 'Re: [PATCH 18/23] init: open code setting up stdin/stdout/stderr', 'Re: remove the last set_fs() in common code, and remove it for x86\n and powerpc v3', 'Re: remove the last set_fs() in common code, and remove it for x86\n and powerpc v3', 'Re: remove the last set_fs() in common code, and remove it for x86\n and powerpc v3', 'Re: remove the last set_fs() in common code, and remove it for x86\n and powerpc v3', 'Re: remove the last set_fs() in common code, and remove it for x86\n and powerpc v3', 'Re: remove the last set_fs() in common code, and remove it for x86\n and powerpc v3', 'Re: remove the last set_fs() in common code, and remove it for x86\n and powerpc v3', 'Re: remove the last set_fs() in common code, and remove it for x86\n and powerpc v3', 'Re: remove the last set_fs() in common code, and remove it for x86\n and powerpc v3', 'Re: remove the last set_fs() in common code, and remove it for x86\n and powerpc v3', 'Re: remove the last set_fs() in common code, and remove it for x86\n and powerpc v3', 'Re: remove the last set_fs() in common code, and remove it for x86\n and powerpc v3', 'Re: remove the last set_fs() in common code, and remove it for x86\n and powerpc v3', 'Re: remove the last set_fs() in common code, and remove it for x86\n and powerpc v3', 'Re: remove the last set_fs() in common code, and remove it for x86\n and powerpc v3', 'Re: remove the last set_fs() in common code, and remove it for x86\n and powerpc v3', 'Re: remove the last set_fs() in common code, and remove it for x86\n and powerpc v3', 'Re: [PATCH 2/2] exec: open code copy_string_kernel', 'Re: [PATCH 2/2] exec: open code copy_string_kernel', 'Re: [PATCH 2/2] exec: open code copy_string_kernel', 'Re: [PATCH 2/2] exec: open code copy_string_kernel', 'Re: [PATCH 2/2] exec: open code copy_string_kernel', 'Re: [PATCH 2/2] exec: open code copy_string_kernel', 'Re: [PATCH 2/2] exec: open code copy_string_kernel', 'Re: [PATCH 2/2] exec: open code copy_string_kernel', 'Re: [PATCH 2/2] exec: open code copy_string_kernel', 'Re: [PATCH 2/2] exec: open code copy_string_kernel', 'Re: [PATCH 2/2] exec: open code copy_string_kernel', 'Re: [PATCH 2/2] exec: open code copy_string_kernel', 'Re: [PATCH 2/2] exec: open code copy_string_kernel', 'Re: [PATCH 2/2] exec: open code copy_string_kernel', 'Re: [PATCH 2/2] exec: open code copy_string_kernel', 'Re: [PATCH 2/2] exec: open code copy_string_kernel', 'Re: [PATCH 2/2] exec: open code copy_string_kernel', 'Re: [PATCH 2/2] exec: open code copy_string_kernel', 'Re: [PATCH 2/2] exec: open code copy_string_kernel', 'Re: [PATCH 2/2] exec: open code copy_string_kernel', 'Re: [PATCH 2/2] exec: open code copy_string_kernel', 'Re: [PATCH 2/2] exec: open code copy_string_kernel', 'Re: [PATCH 2/2] exec: open code copy_string_kernel', 'Re: [PATCH 2/2] exec: open code copy_string_kernel', 'Re: [PATCH 2/2] exec: open code copy_string_kernel', 'Re: [PATCH 2/2] exec: open code copy_string_kernel', 'Re: [PATCH 2/2] exec: open code copy_string_kernel', 'Re: [PATCH 2/2] exec: open code copy_string_kernel', 'Re: [PATCH 2/2] exec: open code copy_string_kernel', 'Re: [PATCH 2/2] exec: open code copy_string_kernel', 'Re: [PATCH 2/2] exec: open code copy_string_kernel', 'Re: [PATCH 2/2] exec: open code copy_string_kernel', 'Re: [PATCH 2/2] exec: open code copy_string_kernel', 'Re: [PATCH 2/2] exec: open code copy_string_kernel', 'Re: [PATCH 2/2] exec: open code copy_string_kernel', 'Re: [PATCH 2/2] exec: open code copy_string_kernel', 'Re: objtool clac/stac handling change..', 'Re: objtool clac/stac handling change..', 'Re: objtool clac/stac handling change..', 'Re: objtool clac/stac handling change..', 'Re: objtool clac/stac handling change..', 'Re: objtool clac/stac handling change..', 'Re: objtool clac/stac handling change..', 'Re: objtool clac/stac handling change..', 'Re: objtool clac/stac handling change..', 'Re: objtool clac/stac handling change..', 'Re: objtool clac/stac handling change..', 'Re: objtool clac/stac handling change..', 'Re: objtool clac/stac handling change..', 'Re: objtool clac/stac handling change..', 'Re: objtool clac/stac handling change..', 'Re: objtool clac/stac handling change..', 'Re: objtool clac/stac handling change..', 'Re: objtool clac/stac handling change..', 'Re: objtool clac/stac handling change..', 'Re: [PATCH 8/9] x86: kvm_hv_set_msr(): use __put_user() instead of\n 32bit __clear_user()', 'Re: [PATCH 8/9] x86: kvm_hv_set_msr(): use __put_user() instead of\n 32bit __clear_user()', 'Re: [PATCH 8/9] x86: kvm_hv_set_msr(): use __put_user() instead of\n 32bit __clear_user()', 'Re: [PATCH 8/9] x86: kvm_hv_set_msr(): use __put_user() instead of\n 32bit __clear_user()', 'Re: [PATCH 8/9] x86: kvm_hv_set_msr(): use __put_user() instead of\n 32bit __clear_user()', 'Re: [PATCH 8/9] x86: kvm_hv_set_msr(): use __put_user() instead of\n 32bit __clear_user()', 'Re: [PATCH 8/9] x86: kvm_hv_set_msr(): use __put_user() instead of\n 32bit __clear_user()', 'Re: [PATCH 8/9] x86: kvm_hv_set_msr(): use __put_user() instead of\n 32bit __clear_user()', 'Re: [PATCH 8/9] x86: kvm_hv_set_msr(): use __put_user() instead of\n 32bit __clear_user()', 'Re: [PATCH 8/9] x86: kvm_hv_set_msr(): use __put_user() instead of\n 32bit __clear_user()', 'Re: [PATCH 8/9] x86: kvm_hv_set_msr(): use __put_user() instead of\n 32bit __clear_user()', 'Re: [PATCH 8/9] x86: kvm_hv_set_msr(): use __put_user() instead of\n 32bit __clear_user()', 'Re: [PATCH 8/9] x86: kvm_hv_set_msr(): use __put_user() instead of\n 32bit __clear_user()', 'Re: [PATCH 8/9] x86: kvm_hv_set_msr(): use __put_user() instead of\n 32bit __clear_user()', 'Re: [PATCH 8/9] x86: kvm_hv_set_msr(): use __put_user() instead of\n 32bit __clear_user()', 'Re: [PATCH 8/9] x86: kvm_hv_set_msr(): use __put_user() instead of\n 32bit __clear_user()', 'Re: [PATCH 8/9] x86: kvm_hv_set_msr(): use __put_user() instead of\n 32bit __clear_user()', 'Re: [PATCH 8/9] x86: kvm_hv_set_msr(): use __put_user() instead of\n 32bit __clear_user()', 'Re: [PATCH 8/9] x86: kvm_hv_set_msr(): use __put_user() instead of\n 32bit __clear_user()', 'Re: [PATCH 8/9] x86: kvm_hv_set_msr(): use __put_user() instead of\n 32bit __clear_user()']
['Adam Soliev', 'Update .gitignore', '[amanda] Feature: added subtraction']
['Brandon', 'Setting version for build 3.1.0.1978-SNAPSHOT', "Merge remote-tracking branch 'origin/master'", "Merge remote-tracking branch 'origin/master'", 'merging', 'merging', 'merging', 'merging', 'merging', 'merging', 'Update README.MD', 'Update README.MD', 'Update README.MD', 'Update README.MD', "Merge branch 'master' of https://github.com/rice-apps/rd-frontend into brandon", "Merge branch 'master' of https://github.com/rice-apps/rd-frontend into brandon", "Merge branch 'master' of https://github.com/rice-apps/rd-frontend into brandon", "Merge branch 'master' of https://github.com/rice-apps/rd-frontend into brandon", "Merge branch 'master' of https://github.com/rice-apps/rd-frontend into brandon", "Merge branch 'master' of https://github.com/rice-apps/rd-frontend into brandon", "Merge branch 'master' of https://github.com/rice-apps/rd-frontend into brandon", "Merge branch 'master' of https://github.com/rice-apps/rd-frontend into brandon", "Merge branch 'master' of https://github.com/rice-apps/rd-frontend into brandon", "Merge branch 'master' of https://github.com/rice-apps/rd-frontend into brandon", 'merge', 'merge', 'merge', 'merge', 'merge', 'merge', 'merge', 'merge', 'merge', 'merge', 'merge', 'merge', 'merge', 'merge', 'merge', 'merge', 'merge', 'merge', 'merge', 'merge', "Merge branch 'Brandon's-branch' into develop", "Merge branch 'Brandon's-branch' into develop", "Merge branch 'Brandon's-branch' into develop", "Merge branch 'Brandon's-branch' into develop", "Merge branch 'Brandon's-branch' into develop", "Merge branch 'Brandon's-branch' into develop", "Merge branch 'development'", "Merge branch 'development'", "Merge branch 'development'", "Merge branch 'development'", "Merge branch 'development'", "Merge branch 'development'", "Merge branch 'development'", "Merge branch 'development'", "Merge branch 'development'", "Merge branch 'development'", "Merge branch 'development'", "Merge branch 'development'", "Merge branch 'development'", "Merge branch 'development'", "Merge branch 'development'", "Merge branch 'development'", "Merge branch 'development'", "Merge branch 'development'", "Merge branch 'development'", "Merge branch 'development'", "Merge branch 'development'", "Merge branch 'development'", "Merge branch 'development'", "Merge branch 'development'", "Merge branch 'development'", "Merge branch 'development'", "Merge branch 'development'", "Merge branch 'development'", 'Update Content “a-case-for-graphql”', 'Update Content “a-case-for-graphql”', 'Update Content “a-case-for-graphql”', 'Update Content “a-case-for-graphql”', 'Update Content “a-case-for-graphql”', 'Update Content “a-case-for-graphql”', 'Update Content “a-case-for-graphql”', 'Update Content “a-case-for-graphql”', 'Update Content “a-case-for-graphql”', 'Update Content “a-case-for-graphql”', 'Update Content “a-case-for-graphql”', 'Update Content “a-case-for-graphql”', 'Update Content “a-case-for-graphql”', 'Update Content “a-case-for-graphql”', 'Update Content “a-case-for-graphql”', 'Update Content “a-case-for-graphql”', 'Update Content “create-backend-repo”', 'Update Content “create-backend-repo”', 'Update Content “create-backend-repo”', 'Update Content “create-backend-repo”', 'Update Content “create-backend-repo”', 'Update Content “create-backend-repo”', 'Update Content “create-backend-repo”', 'Update Content “create-backend-repo”', 'Update Content “set-up-tables-1”', 'Update Content “set-up-tables-1”', 'Update Content “set-up-tables-1”', 'Update Content “set-up-tables-1”', 'Update Content “set-up-tables-1”', 'Update Content “set-up-tables-1”', 'Update Content “set-up-tables-1”', 'Update Content “set-up-tables-1”', 'final day', 'final day', 'final day', 'final day', 'final day', 'final day', 'final day', 'final day', 'final day', "Merge branch 'master' into brandon-branch-editEvents", "Merge branch 'master' into brandon-branch-editEvents", "Merge branch 'master' into brandon-branch-editEvents", "Merge branch 'master' into brandon-branch-editEvents", "Merge branch 'master' into brandon-branch-editEvents", "Merge branch 'master' into brandon-branch-editEvents", "Merge branch 'master' into brandon-branch-editEvents", "Merge branch 'master' into brandon-branch-editEvents", "Merge branch 'master' into brandon-branch-editEvents", "Merge branch 'master' into brandon-branch-editEvents", "Merge branch 'master' into brandon-branch-editEvents", "Merge branch 'master' into brandon-branch-editEvents", "Merge branch 'master' into brandon-branch-editEvents", "Merge branch 'master' into brandon-branch-editEvents", "Merge branch 'master' into brandon-branch-editEvents", "Merge branch 'master' into brandon-branch-editEvents", "Merge branch 'master' into brandon-branch-editEvents", "Merge branch 'master' into brandon-branch-editEvents", "Merge branch 'master' into brandon-branch-editEvents", "Merge branch 'master' into brandon-branch-editEvents", "Merge branch 'master' into brandon-branch-editEvents", "Merge branch 'master' into brandon-branch-editEvents", "Merge branch 'master' into brandon-branch-editEvents", "Merge branch 'master' into brandon-branch-editEvents", "Merge branch 'master' into brandon-branch-editEvents", "Merge branch 'master' into brandon-branch-editEvents", "Merge branch 'master' into brandon-branch-editEvents", "Merge branch 'master' into brandon-branch-editEvents", "Merge branch 'master' into brandon-branch-editEvents", "Merge branch 'master' into brandon-branch-editEvents", 'Update README.MD', 'Update README.MD', 'Update README.MD', 'Update README.MD', 'Update README.MD', 'Update README.MD', 'Update README.MD', 'Update README.MD', 'Update README.MD', 'Update README.MD', 'Update README.MD', "Merge remote-tracking branch 'origin/dev'", "Merge remote-tracking branch 'origin/dev'", "Merge remote-tracking branch 'origin/dev'", "Merge remote-tracking branch 'origin/dev'", "Merge remote-tracking branch 'origin/dev'", "Merge remote-tracking branch 'origin/dev'", "Merge remote-tracking branch 'origin/dev'", "Merge remote-tracking branch 'origin/dev'", "Merge remote-tracking branch 'origin/dev'", "Merge remote-tracking branch 'origin/dev'", "Merge remote-tracking branch 'origin/dev'", "Merge remote-tracking branch 'origin/dev'", "Merge remote-tracking branch 'origin/dev'", "Merge remote-tracking branch 'origin/dev'", "Merge remote-tracking branch 'origin/dev'", "Merge remote-tracking branch 'origin/dev'", "Merge remote-tracking branch 'origin/dev'", "Merge remote-tracking branch 'origin/dev'", "Merge remote-tracking branch 'origin/dev'", "Merge remote-tracking branch 'origin/dev'", "Merge remote-tracking branch 'origin/dev'", "Merge remote-tracking branch 'origin/dev'", "Merge remote-tracking branch 'origin/dev'", "Merge remote-tracking branch 'origin/dev'", "Merge branch 'develop'", "Merge branch 'develop'", "Merge branch 'develop'", "Merge branch 'develop'", "Merge branch 'develop'", "Merge branch 'develop'", "Merge branch 'develop'", "Merge branch 'develop'", "Merge branch 'develop'", "Merge branch 'develop'", "Merge branch 'develop'", "Merge branch 'develop'", "Merge branch 'develop'"]
['root', "Merge branch 'api' of https://github.com/jcramalho/CLAV2018 into api", "Merge branch 'api' of https://github.com/jcramalho/CLAV2018 into api", "* Refactor the code and use SvelteJS for the UI instead of VueJS\n* Use the built-in WooCommerce ajax add to cart function to add to cart instead of the custom function that used before.\n* Sort by attributes values is possible now.\n* Add spinner icon to show up when click add to cart button.\n* Add tick icon to show up in add to cart button when the item added to cart.\n* Make all texts translatable and update pot file.\n* It's much faster and stable now.", "* Refactor the code and use SvelteJS for the UI instead of VueJS\n* Use the built-in WooCommerce ajax add to cart function to add to cart instead of the custom function that used before.\n* Sort by attributes values is possible now.\n* Add spinner icon to show up when click add to cart button.\n* Add tick icon to show up in add to cart button when the item added to cart.\n* Make all texts translatable and update pot file.\n* It's much faster and stable now.", "Merge branch 'submoduling' of https://github.com/titanscouting/red-alliance-analysis into submoduling", "Merge branch 'submoduling' of https://github.com/titanscouting/red-alliance-analysis into submoduling", "Merge branch 'submoduling' of https://github.com/titanscouting/red-alliance-analysis into submoduling", 'Aega', 'Aega', 'Aega', 'Aega', 'Aega', 'Aega', 'Aega', 'Aega', 'Aega', 'Aega', 'Aega', 'Aega', 'Aega', 'Aega', 'Aega', 'Aega', 'Aega', 'Aega', 'Aega', 'Aega', 'Aega', 'Aega', 'Aega', 'Aega', 'Aega', 'Aega', 'Aega', 'Aega', 'Aega', 'Aega', 'Aega', 'Aega', 'Aega', 'Aega', 'Aega', 'Aega', 'payment', 'payment', 'payment', 'payment', 'payment', 'payment', 'payment', 'payment', 'payment', 'payment', 'payment', 'payment', 'payment', 'payment', 'payment', "Merge branch 'master' of https://github.com/aidanbordeleau/suzannehealth", "Merge branch 'master' of https://github.com/aidanbordeleau/suzannehealth", "Merge branch 'master' of https://github.com/aidanbordeleau/suzannehealth", "Merge branch 'master' of https://github.com/aidanbordeleau/suzannehealth", "Merge branch 'master' of https://github.com/aidanbordeleau/suzannehealth", "Merge branch 'master' of https://github.com/aidanbordeleau/suzannehealth", "Merge branch 'master' of https://github.com/aidanbordeleau/suzannehealth", "Merge branch 'master' of https://github.com/aidanbordeleau/suzannehealth", "Merge branch 'master' of https://github.com/aidanbordeleau/suzannehealth", "Merge branch 'master' of https://github.com/aidanbordeleau/suzannehealth", "Merge branch 'master' of https://github.com/aidanbordeleau/suzannehealth", "Merge branch 'master' of https://github.com/aidanbordeleau/suzannehealth", 'update', 'update', 'update', 'update', 'update', 'update', 'update', 'update', 'update', 'update', 'update', 'update', 'update', 'update', 'KOGITO-1135 : Domain Explorer table default selections', 'KOGITO-1135 : Domain Explorer table default selections', 'KOGITO-1135 : Domain Explorer table default selections', 'KOGITO-1135 : Domain Explorer table default selections', 'KOGITO-1135 : Domain Explorer table default selections', 'KOGITO-1135 : Domain Explorer table default selections', 'KOGITO-1135 : Domain Explorer table default selections', 'KOGITO-1135 : Domain Explorer table default selections', 'chore: create script', 'chore: create script', 'chore: create script', 'chore: create script', 'chore: create script', 'chore: create script', 'chore: create script', 'chore: create script', 'chore: create script', 'chore: create script', 'chore: create script', 'chore: create script', 'chore: create script', 'chore: create script', 'chore: create script', 'chore: create script', 'chore: create script', 'chore: create script', 'chore: create script', 'chore: create script', 'chore: create script', 'chore: create script', 'chore: create script', 'chore: create script', 'chore: create script', 'chore: create script', 'chore: create script', 'Iniciar sessao, criaçao de usuario, hash de senha, alteraçao de senha', 'Iniciar sessao, criaçao de usuario, hash de senha, alteraçao de senha', 'Iniciar sessao, criaçao de usuario, hash de senha, alteraçao de senha', 'Iniciar sessao, criaçao de usuario, hash de senha, alteraçao de senha', 'Iniciar sessao, criaçao de usuario, hash de senha, alteraçao de senha', 'Iniciar sessao, criaçao de usuario, hash de senha, alteraçao de senha', 'Iniciar sessao, criaçao de usuario, hash de senha, alteraçao de senha', 'Iniciar sessao, criaçao de usuario, hash de senha, alteraçao de senha', 'Iniciar sessao, criaçao de usuario, hash de senha, alteraçao de senha', 'Iniciar sessao, criaçao de usuario, hash de senha, alteraçao de senha', 'Iniciar sessao, criaçao de usuario, hash de senha, alteraçao de senha', 'Iniciar sessao, criaçao de usuario, hash de senha, alteraçao de senha', 'Iniciar sessao, criaçao de usuario, hash de senha, alteraçao de senha', 'Iniciar sessao, criaçao de usuario, hash de senha, alteraçao de senha', 'Iniciar sessao, criaçao de usuario, hash de senha, alteraçao de senha', 'Iniciar sessao, criaçao de usuario, hash de senha, alteraçao de senha', 'Iniciar sessao, criaçao de usuario, hash de senha, alteraçao de senha', 'Iniciar sessao, criaçao de usuario, hash de senha, alteraçao de senha', 'Iniciar sessao, criaçao de usuario, hash de senha, alteraçao de senha', 'Iniciar sessao, criaçao de usuario, hash de senha, alteraçao de senha', 'Iniciar sessao, criaçao de usuario, hash de senha, alteraçao de senha', 'Iniciar sessao, criaçao de usuario, hash de senha, alteraçao de senha', 'Iniciar sessao, criaçao de usuario, hash de senha, alteraçao de senha', 'Iniciar sessao, criaçao de usuario, hash de senha, alteraçao de senha', 'Iniciar sessao, criaçao de usuario, hash de senha, alteraçao de senha', 'Iniciar sessao, criaçao de usuario, hash de senha, alteraçao de senha', 'Iniciar sessao, criaçao de usuario, hash de senha, alteraçao de senha', 'Iniciar sessao, criaçao de usuario, hash de senha, alteraçao de senha', 'Iniciar sessao, criaçao de usuario, hash de senha, alteraçao de senha', 'Iniciar sessao, criaçao de usuario, hash de senha, alteraçao de senha', 'Iniciar sessao, criaçao de usuario, hash de senha, alteraçao de senha', 'Iniciar sessao, criaçao de usuario, hash de senha, alteraçao de senha', 'Iniciar sessao, criaçao de usuario, hash de senha, alteraçao de senha', 'Iniciar sessao, criaçao de usuario, hash de senha, alteraçao de senha', 'Iniciar sessao, criaçao de usuario, hash de senha, alteraçao de senha', 'Iniciar sessao, criaçao de usuario, hash de senha, alteraçao de senha', 'Iniciar sessao, criaçao de usuario, hash de senha, alteraçao de senha', 'Iniciar sessao, criaçao de usuario, hash de senha, alteraçao de senha', 'Iniciar sessao, criaçao de usuario, hash de senha, alteraçao de senha', 'Iniciar sessao, criaçao de usuario, hash de senha, alteraçao de senha', 'Iniciar sessao, criaçao de usuario, hash de senha, alteraçao de senha', 'Iniciar sessao, criaçao de usuario, hash de senha, alteraçao de senha', 'Iniciar sessao, criaçao de usuario, hash de senha, alteraçao de senha', 'Iniciar sessao, criaçao de usuario, hash de senha, alteraçao de senha', 'Iniciar sessao, criaçao de usuario, hash de senha, alteraçao de senha', 'Iniciar sessao, criaçao de usuario, hash de senha, alteraçao de senha', 'Iniciar sessao, criaçao de usuario, hash de senha, alteraçao de senha', 'Iniciar sessao, criaçao de usuario, hash de senha, alteraçao de senha', 'Iniciar sessao, criaçao de usuario, hash de senha, alteraçao de senha', 'Iniciar sessao, criaçao de usuario, hash de senha, alteraçao de senha', 'Iniciar sessao, criaçao de usuario, hash de senha, alteraçao de senha', 'Iniciar sessao, criaçao de usuario, hash de senha, alteraçao de senha', 'Iniciar sessao, criaçao de usuario, hash de senha, alteraçao de senha', 'Iniciar sessao, criaçao de usuario, hash de senha, alteraçao de senha', 'Iniciar sessao, criaçao de usuario, hash de senha, alteraçao de senha', 'Iniciar sessao, criaçao de usuario, hash de senha, alteraçao de senha', 'Iniciar sessao, criaçao de usuario, hash de senha, alteraçao de senha', 'Iniciar sessao, criaçao de usuario, hash de senha, alteraçao de senha', 'Iniciar sessao, criaçao de usuario, hash de senha, alteraçao de senha', 'Iniciar sessao, criaçao de usuario, hash de senha, alteraçao de senha', 'Iniciar sessao, criaçao de usuario, hash de senha, alteraçao de senha', 'Iniciar sessao, criaçao de usuario, hash de senha, alteraçao de senha', 'Iniciar sessao, criaçao de usuario, hash de senha, alteraçao de senha', 'Iniciar sessao, criaçao de usuario, hash de senha, alteraçao de senha', 'Iniciar sessao, criaçao de usuario, hash de senha, alteraçao de senha', 'Iniciar sessao, criaçao de usuario, hash de senha, alteraçao de senha', 'Iniciar sessao, criaçao de usuario, hash de senha, alteraçao de senha', 'Iniciar sessao, criaçao de usuario, hash de senha, alteraçao de senha', 'Iniciar sessao, criaçao de usuario, hash de senha, alteraçao de senha', 'Iniciar sessao, criaçao de usuario, hash de senha, alteraçao de senha', 'Iniciar sessao, criaçao de usuario, hash de senha, alteraçao de senha', 'Iniciar sessao, criaçao de usuario, hash de senha, alteraçao de senha', 'Iniciar sessao, criaçao de usuario, hash de senha, alteraçao de senha', 'Iniciar sessao, criaçao de usuario, hash de senha, alteraçao de senha', 'Iniciar sessao, criaçao de usuario, hash de senha, alteraçao de senha', 'Iniciar sessao, criaçao de usuario, hash de senha, alteraçao de senha', 'Iniciar sessao, criaçao de usuario, hash de senha, alteraçao de senha', 'Iniciar sessao, criaçao de usuario, hash de senha, alteraçao de senha', 'Iniciar sessao, criaçao de usuario, hash de senha, alteraçao de senha', 'Iniciar sessao, criaçao de usuario, hash de senha, alteraçao de senha', 'Bug fix', 'Bug fix', 'Bug fix', 'Bug fix', 'Bug fix', 'Bug fix', 'Bug fix', 'Bug fix', 'Bug fix', 'Bug fix', 'Bug fix', 'Bug fix', 'Bug fix', 'Bug fix', 'Bug fix', 'Bug fix', 'Bug fix', 'Bug fix', 'Bug fix', 'Bug fix', 'Bug fix', 'Bug fix', 'Bug fix', 'Bug fix', 'Bug fix', 'Bug fix', 'Bug fix', 'Bug fix', 'Bug fix', 'Bug fix', 'Bug fix', 'Bug fix', 'Bug fix']
